Workbook

Sheet How to use
A1: Cowork — test checklist for the 17 August 2026 change set
A2: Every change recorded in “Cowork changes 17 Aug 2026.xlsx”, turned into a test you can run and sign off.
A5: What this pack is
A6: Scope | B6: One test case for every change listed on the Overview, Tasks, Documents, Sheets and Everywhere tabs of the change log, plus a Regression tab for the build-wide checks and an Open items tab for the eight decisions still outstanding.
A7: Tabs | B7: Overview · Tasks · Documents · Sheets · Everywhere · Regression — test cases. Open items — decisions to make. Summary — live pass/fail counts, updates itself as you fill in the Status column.
A8: How to use it | B8: Work down one tab at a time. Read the pre-condition, follow the steps exactly, compare against the expected result, then fill in Actual result, Status, Tested by and Date. Anything that is not a Pass needs a line in Notes / defect ref.
A10: Before you start
A11: Build under test | B11: Record the commit SHA here →
A12: Environment | B12: Record the URL / environment here →
A13: Browser + version | B13: Record here → (Chrome is required for the stepper-centring and print checks)
A14: Tested by | B14: Record here →
A15: Start date | B15: Record here →
A16: Warning | B16: At the time the change log was written, roughly 11 files were changed but NOT committed (Open items OI-08). Run git status first and note whether you are testing a commit or a working tree — a reset loses the pending work and invalidates these results.
A18: Accounts you will need
A19: Employee | B19: Holds tasks, at least one on the active-work bar, one with a deadline and one blocked.
A20: Employee — empty | B20: Nothing assigned at all, for the empty-state test (OV-23).
A21: Manager | B21: Manages at least three reports who hold tasks; also holds tasks of their own; NOT a system administrator (EV-06, EV-07).
A22: System administrator | B22: Passes the admin-console check, for the Private / Team switch (EV-05, EV-08).
A23: Organisation scope | B23: Sees the third scope option, “Everyone” (TK-07).
A25: Legend
A26: Not run | B26: Not yet attempted. This is the starting value of every row.
A27: Pass | B27: Behaves exactly as the Expected result column describes.
A28: Fail | B28: Differs from the expected result. Record what actually happened and raise a defect.
A29: Blocked | B29: Cannot be tested — an environment problem, a missing account, or a decision on the Open items tab.
A30: N/A | B30: Not applicable to this build or this environment. Say why in Notes.
A31: Priority | B31: High — must pass before release. Medium — should pass. Low — cosmetic; log and move on.
A33: Rules for this pack
A34: Test what shipped | B34: Test the behaviour in the After column of the change log, not what you remember the screen doing.
A35: Pending vs committed | B35: The change log marks each change Committed or Pending. A Pending change is only in the working tree — if it is missing from your build, mark the row Blocked, not Fail.
A36: Help is product | B36: CLAUDE.md treats lib/help/knowledge.ts as product logic. In-product help that describes a removed feature is a defect (RG-06, OI-07), not a documentation task.
A37: Decisions first | B37: Six rows on Tasks depend on decisions listed on the Open items tab. Settle those before signing the Tasks tab off.
A39: Source: “Cowork changes 17 Aug 2026.xlsx”, tabs Overview, Tasks, Documents, Sheets, Everywhere and Open items. Test IDs are stable — quote them in defect reports.

Sheet Summary
A1: Summary — progress and result
A2: Counts update themselves from the Status column on each tab. Nothing here is typed by hand.
A3: Module | B3: Cases | C3: Pass | D3: Fail | E3: Blocked | F3: N/A | G3: Not run | H3: % complete | I3: What it covers
A4: Overview | B4: =COUNTA(Overview!$A$4:$A$29) -> 26 | C4: =COUNTIF(Overview!$I$4:$I$29,"Pass") -> 0 | D4: =COUNTIF(Overview!$I$4:$I$29,"Fail") -> 0 | E4: =COUNTIF(Overview!$I$4:$I$29,"Blocked") -> 0 | F4: =COUNTIF(Overview!$I$4:$I$29,"N/A") -> 0 | G4: =COUNTIF(Overview!$I$4:$I$29,"Not run") -> 26 | H4: =IFERROR((B4-G4)/B4,0) -> 0 | I4: Home page and the active-work bar
A5: Tasks | B5: =COUNTA(Tasks!$A$4:$A$30) -> 27 | C5: =COUNTIF(Tasks!$I$4:$I$30,"Pass") -> 0 | D5: =COUNTIF(Tasks!$I$4:$I$30,"Fail") -> 0 | E5: =COUNTIF(Tasks!$I$4:$I$30,"Blocked") -> 0 | F5: =COUNTIF(Tasks!$I$4:$I$30,"N/A") -> 0 | G5: =COUNTIF(Tasks!$I$4:$I$30,"Not run") -> 27 | H5: =IFERROR((B5-G5)/B5,0) -> 0 | I5: The Tasks page: heading, tabs, filters and the task list
A6: Documents | B6: =COUNTA(Documents!$A$4:$A$13) -> 10 | C6: =COUNTIF(Documents!$I$4:$I$13,"Pass") -> 0 | D6: =COUNTIF(Documents!$I$4:$I$13,"Fail") -> 0 | E6: =COUNTIF(Documents!$I$4:$I$13,"Blocked") -> 0 | F6: =COUNTIF(Documents!$I$4:$I$13,"N/A") -> 0 | G6: =COUNTIF(Documents!$I$4:$I$13,"Not run") -> 10 | H6: =IFERROR((B6-G6)/B6,0) -> 0 | I6: Workspace ▸ Documents
A7: Sheets | B7: =COUNTA(Sheets!$A$4:$A$26) -> 23 | C7: =COUNTIF(Sheets!$I$4:$I$26,"Pass") -> 0 | D7: =COUNTIF(Sheets!$I$4:$I$26,"Fail") -> 0 | E7: =COUNTIF(Sheets!$I$4:$I$26,"Blocked") -> 0 | F7: =COUNTIF(Sheets!$I$4:$I$26,"N/A") -> 0 | G7: =COUNTIF(Sheets!$I$4:$I$26,"Not run") -> 23 | H7: =IFERROR((B7-G7)/B7,0) -> 0 | I7: Workspace ▸ Sheets
A8: Everywhere | B8: =COUNTA(Everywhere!$A$4:$A$15) -> 12 | C8: =COUNTIF(Everywhere!$I$4:$I$15,"Pass") -> 0 | D8: =COUNTIF(Everywhere!$I$4:$I$15,"Fail") -> 0 | E8: =COUNTIF(Everywhere!$I$4:$I$15,"Blocked") -> 0 | F8: =COUNTIF(Everywhere!$I$4:$I$15,"N/A") -> 0 | G8: =COUNTIF(Everywhere!$I$4:$I$15,"Not run") -> 12 | H8: =IFERROR((B8-G8)/B8,0) -> 0 | I8: Shell, top bar, logo, messages — every page
A9: Regression | B9: =COUNTA(Regression!$A$4:$A$13) -> 10 | C9: =COUNTIF(Regression!$I$4:$I$13,"Pass") -> 0 | D9: =COUNTIF(Regression!$I$4:$I$13,"Fail") -> 0 | E9: =COUNTIF(Regression!$I$4:$I$13,"Blocked") -> 0 | F9: =COUNTIF(Regression!$I$4:$I$13,"N/A") -> 0 | G9: =COUNTIF(Regression!$I$4:$I$13,"Not run") -> 10 | H9: =IFERROR((B9-G9)/B9,0) -> 0 | I9: Build, tests and cross-cutting sweeps
A10: All modules | B10: =SUM(B4:B9) -> 108 | C10: =SUM(C4:C9) -> 0 | D10: =SUM(D4:D9) -> 0 | E10: =SUM(E4:E9) -> 0 | F10: =SUM(F4:F9) -> 0 | G10: =SUM(G4:G9) -> 108 | H10: =IFERROR((B10-G10)/B10,0) -> 0 | I10: Open items are tracked separately — see the Open items tab.
A12: Sign-off
A13: Tested by | C13: Date | I13: Name of the person who ran the checklist.
A14: Reviewed by | C14: Date | I14: Reviewer confirming the failures raised and the retests.
A15: Released by | C15: Date | I15: Only sign once every High-priority case passes and every Open item is decided.

Sheet Overview
A1: Overview — test cases
A2: Home page and the active-work bar · 26 cases · fill in Actual result, Status, Tested by and Date
A3: Test ID | B3: Area / feature | C3: Change under test | D3: Priority | E3: Pre-condition | F3: Test steps | G3: Expected result | H3: Actual result | I3: Status | J3: Tested by | K3: Date | L3: Notes / defect ref
A4: OV-01 | B4: Active-work bar — layout | C4: Bar no longer wraps onto four rows | D4: High | E4: Signed in as an employee with one task assigned and showing on the active-work bar. | F4: 1. Open /home. 2. Resize the browser window to exactly 1180px wide. 3. Look at the active-work bar at the top of the page content. 4. Repeat at 1280px, 1440px, 1680px and 1920px. 5. With DevTools, read the bar's computed height at each width. | G4: The bar renders on ONE row at every width from 1180px up. Height is 58px at every width. The Approve button stays on the same row and never drops underneath. No horizontal scrollbar appears. | I4: Not run
A5: OV-02 | B5: Active-work bar — layout | C5: Task title is the column that flexes | D5: Medium | E5: Active task on the bar. | F5: 1. At 1920px, note the width of each block on the bar. 2. Slowly drag the window narrower down to 1180px, watching the columns. | G5: Only the task-title column shrinks. Timer, deadline block, time-budget stepper and the right-hand action slot keep their widths. Nothing wraps, and the title truncates rather than pushing anything out of the row. | I5: Not run
A6: OV-03 | B6: Active-work bar — title | C6: Title sits in a rounded inset | D6: Medium | E6: Active task on the bar, on a task that belongs to a project. | F6: 1. Open /home. 2. Look at the title area of the bar. | G6: The task title alone sits inside a rounded inset. There is no eyebrow caption above it naming the project, and the words "No project" appear nowhere on the bar. | I6: Not run
A7: OV-04 | B7: Active-work bar — title | C7: Hovering the title opens the full brief | D7: High | E7: Active task that has a reference, a project, a due date, a description and a completion checklist. | F7: 1. Hover the title inset and hold for about one second. 2. Read every field in the panel that opens. 3. Move the pointer away. 4. Repeat with the window at 1180px. 5. Repeat on a task with NO project and NO description. | G7: A panel opens showing reference, project, due date, description and completion checklist, matching the task's own detail page. It closes on mouse-out. At 1180px it stays fully on screen. Missing fields are omitted or shown as a dash — never "undefined" or an empty label. | I7: Not run
A8: OV-05 | B8: Active-work bar — deadline | C8: "Task deadline" block shows date AND time | D8: High | E8: Active task with a deadline set. | F8: 1. Open /home. 2. Read the deadline block on the bar. 3. Open the same task's detail page and compare. | G8: A block labelled "Task deadline" shows date, time and zone — e.g. "17 Aug · 17:30 IST". It is not a bare date. The value matches the task detail page exactly. | I8: Not run
A9: OV-06 | B9: Active-work bar — deadline | C9: Deadline shows in every state of the bar | D9: High | E9: A task whose time budget has been proposed but not yet accepted. | F9: 1. Look at the deadline block while the terms are still being agreed. 2. Press Approve task. 3. Look at the deadline block again. 4. Start the timer and look again. 5. Reload the page and look again. | G9: The deadline block is visible in the same position in all four states — before accepting, after accepting, while running, and after a reload. | I9: Not run
A10: OV-07 | B10: Active-work bar — time budget | C10: Dropdown replaced by an hours + minutes stepper | D10: High | E10: A task on the bar whose budget is not yet agreed. | F10: 1. Look at the time-budget area of the bar. | G10: Two number fields are shown — hours and minutes — each with steppers. No preset dropdown appears anywhere on the bar. | I10: Not run
A11: OV-08 | B11: Active-work bar — time budget | C11: Minutes step in fives | D11: High | E11: Budget stepper visible. | F11: 1. Set minutes to 0. 2. Press the minutes up-arrow six times, reading the value each time. 3. Press the down-arrow back to 0. | G11: Values go 0 → 5 → 10 → 15 → 20 → 25 → 30 and back down in the same steps. The steppers never produce intermediate values (1, 2, 3…). | I11: Not run
A12: OV-09 | B12: Active-work bar — time budget | C12: 55 + 5 rolls into the next hour | D12: High | E12: Budget stepper visible. | F12: 1. Set the value to 1h 55m. 2. Press the minutes up-arrow once. 3. Now set 1h 00m and press the minutes down-arrow once. 4. At 0h 00m, press the minutes down-arrow. | G12: 1h 55m + 5m becomes 2h 00m. Going down from 1h 00m borrows to 0h 55m. At 0h 00m the down-arrow does not produce a negative figure. | I12: Not run
A13: OV-10 | B13: Active-work bar — time budget | C13: Typed values are accepted | D13: Medium | E13: Budget stepper visible. | F13: 1. Click into the hours field and type 1. 2. Click into the minutes field and type 20. 3. Click away from the field (blur). 4. Type an out-of-range value such as 99 in minutes and blur. | G13: 1h 20m is kept and displayed — not snapped back to a preset. An out-of-range entry is corrected to a valid figure or rejected, never stored as-is. Record the actual behaviour. | I13: Not run
A14: OV-11 | B14: Active-work bar — time budget | C14: Digits are centred in the stepper pills | D14: Low | E14: Budget stepper visible. Test in Google Chrome specifically. | F14: 1. Look at the hours and minutes pills. 2. Compare the gap left of the digits with the gap to their right. 3. Repeat with a two-digit value (55) and a one-digit value (5). | G14: Digits are visually centred in both pills at one and two digits, with no roughly 15px bias to the left from the native spinner reserve. | I14: Not run
A15: OV-12 | B15: Active-work bar — buttons | C15: One "Approve task" button, not two controls | D15: High | E15: A task on the bar awaiting agreement. | F15: 1. Look at the right-hand action slot. | G15: A single button reading "Approve task". There is no separate "Discuss time" control anywhere on the bar. | I15: Not run
... A29: OV-26 | B29: "Where your work sits" card | C29: Scope pills moved into the card | D29: Medium | E29: Signed in with tasks in more than one scope. | F29: 1. Open /home. 2. Look for scope pills in the page header. 3. Look inside the "Where your work sits" card. 4. Compare each pill's figure with the card's own breakdown. | G29: The pills sit inside the card and the page header carries none. Each count appears once on the page, and the pill figures agree with the card's breakdown. | I29: Not run

Sheet Tasks
A1: Tasks — test cases
A2: The Tasks page: heading, tabs, filters and the task list · 27 cases · fill in Actual result, Status, Tested by and Date
A3: Test ID | B3: Area / feature | C3: Change under test | D3: Priority | E3: Pre-condition | F3: Test steps | G3: Expected result | H3: Actual result | I3: Status | J3: Tested by | K3: Date | L3: Notes / defect ref
A4: TK-01 | B4: Page heading | C4: The big "Tasks" heading is gone visually | D4: High | E4: Signed in. | F4: 1. Open /tasks. 2. Look above the tab row. 3. Note how far down the page the first task row starts, compared with a screenshot from before the change. | G4: No display-size "Tasks" heading is rendered. The tab row is the first thing under the top bar, and the first task row sits higher up the screen. | I4: Not run
A5: TK-02 | B5: Page heading | C5: The heading is still read by screen readers | D5: High | E5: NVDA or VoiceOver available, or the DevTools accessibility tree. | F5: 1. Open /tasks. 2. Inspect the accessibility tree for the page heading. 3. Or run a screen reader and navigate by heading (H in NVDA). | G5: A "Tasks" heading is still present in the accessibility tree and is announced when navigating by heading, even though it is not visible. | I5: Not run
A6: TK-03 | B6: Page heading | C6: The count sentence beside the title is gone | D6: Medium | E6: A user with tasks assigned and a team. | F6: 1. Open /tasks. 2. Look for wording such as "8 assigned to you · 12 across your team". | G6: The sentence is not present anywhere on the page. The same figures are still available on the scope pills. | I6: Not run
A7: TK-04 | B7: Tab row | C7: New task moved onto the tab row | D7: Medium | E7: Signed in with permission to create tasks. | F7: 1. Open /tasks. 2. Find the New task button. 3. Measure the vertical space between the top bar and the tab row. | G7: New task sits at the right end of the tab row. There is no empty band (previously about 32px) above the tabs. | I7: Not run
A8: TK-05 | B8: Tab row | C8: New task still opens the create flow | D8: High | E8: Signed in with permission to create tasks. | F8: 1. Press New task on the tab row. 2. Create a task end to end. | G8: The create flow opens and a task can be created and saved exactly as before the move. | I8: Not run
A9: TK-06 | B9: Scope filter | C9: "Mine" renamed to "My tasks" | D9: Medium | E9: Signed in. | F9: 1. Open /tasks and read the scope filter options. | G9: The first option reads "My tasks". The word "Mine" appears nowhere in the filter. | I9: Not run
A10: TK-07 | B10: Scope filter | C10: Five options cut to two (three at organisation scope) | D10: High | E10: Two accounts: an ordinary employee or manager, and one with organisation scope. | F10: 1. As the ordinary user, open /tasks and list every scope option. 2. Sign in with organisation scope and list them again. | G10: Ordinary user sees exactly: My tasks · My team. Organisation scope sees: My tasks · My team · Everyone. "Assigned out", "Self tasks" and "Submitted" are absent for both. | I10: Not run
A11: TK-08 | B11: Scope filter | C11: Shows only on the Tasks tab | D11: Medium | E11: Signed in. | F11: 1. Open /tasks on the Tasks tab and confirm the scope filter is present. 2. Visit each other tab in turn: Overview, Projects, Timeline, Actionable, Workload. | G11: The scope filter appears on the Tasks tab only. It is absent on all the other tabs, and its removal leaves no gap or empty toolbar. | I11: Not run
A12: TK-09 | B12: Scope filter | C12: Moved down beside the other filter | D12: Medium | E12: Signed in, on the Tasks tab. | F12: 1. Locate the scope filter. 2. Locate the search box and the All/Open/Closed pills. | G12: The scope filter is at the right end of the list toolbar, on the same row as the search box and the filter pills. It is not on the tab row. | I12: Not run
A13: TK-10 | B13: Toolbar filters | C13: Three menus replaced by one row of three pills | D13: High | E13: Signed in, on the Tasks tab. | F13: 1. Look at the list toolbar. 2. Confirm the Filter, Group and Sort menus are gone. 3. Count the controls. | G13: Exactly three pills: All · Open · Closed. The Filter menu (3 toggles + 10 status checkboxes), the Group menu (5 options) and the Sort menu (4 options) are all absent. | I13: Not run
A14: TK-11 | B14: Toolbar filters | C14: All / Open / Closed each filter correctly | D14: High | E14: A list containing live tasks and at least two completed tasks. | F14: 1. Press All and note the rows. 2. Press Open. 3. Press Closed. 4. Reload the page on each selection. | G14: All shows live and completed work. Open shows live work only. Closed shows completed work only. The selection survives a reload, or defaults cleanly — record which. | I14: Not run
A15: TK-12 | B15: Toolbar filters | C15: Priority order is permanent | D15: High | E15: A list with tasks at P1, P2 and P3. | F15: 1. Look for any sort control on the page. 2. Read the order of the rows. 3. Switch scope, switch tabs, then come back. | G15: There is no sort control. Rows are always in priority order with P1 first, in every scope and after navigating away and back. | I15: Not run
... A30: TK-27 | B30: Deadline column | C30: Wording for what the Deadline column shows | D30: Medium | E30: The task list with a Deadline column. | F30: 1. Read the Deadline column header and any tooltip on it. 2. Compare with a task whose requested date differs from its expected completion. | G30: The column states whether it shows the REQUESTED date or the expected completion date. BLOCKED on Open items OI-01 — the wording lost its home when the Sort menu was removed, and one automated test is failing on it. | I30: Not run

Sheet Documents
A1: Documents — test cases
A2: Workspace ▸ Documents · 10 cases · fill in Actual result, Status, Tested by and Date
A3: Test ID | B3: Area / feature | C3: Change under test | D3: Priority | E3: Pre-condition | F3: Test steps | G3: Expected result | H3: Actual result | I3: Status | J3: Tested by | K3: Date | L3: Notes / defect ref
A4: DOC-01 | B4: Creating a document | C4: "This document is not available" is fixed | D4: High | E4: Signed in with access to Workspace ▸ Documents. | F4: 1. Open /workspace and go to Documents. 2. Create a new document. 3. Watch the screen for the first five seconds. 4. Type a line of text. 5. Reload the page. | G4: The document opens normally. The error "This document is not available" does not appear at any point. The typed text is still there after the reload. | I4: Not run
A5: DOC-02 | B5: Creating a document | C5: The document survives a development remount | D5: High | E5: The app running in development mode (npm run dev), where React mounts, unmounts and remounts. | F5: 1. Create a new document in dev mode. 2. Wait ten seconds without typing. 3. Go back to the Documents list. 4. Reload and check the list again. | G5: The document still exists — the blank-draft cleanup does not delete it. A genuinely abandoned blank draft is still cleaned up per the existing rule; verify that path too. | I5: Not run
A6: DOC-03 | B6: Documents list | C6: The list updates as soon as you create one | D6: High | E6: Documents list open. | F6: 1. Note the current documents. 2. Create a new document. 3. Return to the list immediately and start a stopwatch. 4. Watch for up to 60 seconds without reloading. | G6: The new document appears in the list straight away — inside a second or two. "No documents yet" is never shown over a document that exists. | I6: Not run
A7: DOC-04 | B7: Documents list | C7: The list is correct after a hard reload | D7: Medium | E7: One document just created. | F7: 1. Hard-reload the page (Ctrl+F5). 2. Read the list. | G7: The document is listed with the right name and timestamp. No stale cached list is served. | I7: Not run
A8: DOC-05 | B8: Document editor | C8: Inserted images no longer disappear | D8: High | E8: A document open in the editor and a local image file to hand. | F8: 1. Insert an image using the editor's insert control. 2. Confirm it renders. 3. Save and close the document. 4. Reopen it. 5. Reload the browser and open it again. | G8: The image is present every time the document is reopened, including after a full browser reload. | I8: Not run
A9: DOC-06 | B9: Document editor | C9: A pasted screenshot persists | D9: High | E9: A screenshot on the clipboard — this is the data-URI paste path. | F9: 1. Paste the screenshot into the document. 2. Save, close and reopen it. | G9: The pasted image is retained: the stored HTML is read back with the data-URI image intact. | I9: Not run
A10: DOC-07 | B10: Document editor | C10: The editor is white in every theme | D10: Medium | E10: The application theme switchable between light and dark. | F10: 1. Open a document in light mode and note the page, toolbars and menus. 2. Switch the app to dark mode. 3. Open the document again and open each toolbar menu. | G10: The document page, the toolbars and the menus are white in both themes. Only the surrounding app chrome changes with the theme. | I10: Not run
A11: DOC-08 | B11: Document editor | C11: What you see matches what prints | D11: Medium | E11: A document with text and an image. | F11: 1. In dark mode, open the document. 2. Open the browser print preview (Ctrl+P). 3. Compare it with the editor. | G11: Print preview and editor look the same — white paper, same layout. Nothing is invisible or inverted in print. | I11: Not run
A12: DOC-09 | B12: Document editor — collaborators | C12: The Collaborators dropdown opens fully | D12: High | E12: A document with the Collaborators control visible. | F12: 1. Open the Collaborators dropdown. 2. Measure the visible height of the panel with DevTools. 3. Read every row in it and scroll to the last one. | G12: The whole panel is visible — about 157px, not clipped to roughly 40px. Every row can be read and clicked. The scrolling container no longer clips it. | I12: Not run
A13: DOC-10 | B13: Document editor — collaborators | C13: The dropdown flips above the row when space is short | D13: Medium | E13: A document list or editor long enough to scroll. | F13: 1. Scroll so the Collaborators control is near the bottom of the window. 2. Open the dropdown. 3. Scroll so it is near the top and open it again. | G13: Near the bottom the panel opens upwards and stays fully on screen. Near the top it opens downwards. It is never cut off by the window edge. | I13: Not run

Sheet Sheets
A1: Sheets — test cases
A2: Workspace ▸ Sheets · 23 cases · fill in Actual result, Status, Tested by and Date
A3: Test ID | B3: Area / feature | C3: Change under test | D3: Priority | E3: Pre-condition | F3: Test steps | G3: Expected result | H3: Actual result | I3: Status | J3: Tested by | K3: Date | L3: Notes / defect ref
A4: SH-01 | B4: Saving a new sheet | C4: File ▸ Save actually creates the sheet | D4: High | E4: Signed in with access to /sheets. | F4: 1. Open /sheets and create a new sheet. 2. Type a value into A1. 3. File ▸ Save. 4. Go back to the sheets list. 5. Reload the browser and check the list again. | G4: The sheet is created and appears in the list with its contents. Nothing is silently lost, and the save reports its outcome on the chip beside the title. | I4: Not run
A5: SH-02 | B5: Saving a new sheet | C5: An empty new sheet still saves | D5: High | E5: A brand-new sheet with no cells filled in. | F5: 1. Create a new sheet and change nothing. 2. File ▸ Save. 3. Check the list. | G5: The record is created even though the sheet is empty, and it opens again from the list. | I5: Not run
A6: SH-03 | B6: Naming a new sheet | C6: The name you type before the first save is kept | D6: High | E6: A brand-new, unsaved sheet. | F6: 1. Rename the sheet to "QA rename check" BEFORE saving. 2. Confirm the new name appears on screen straight away. 3. File ▸ Save. 4. Check the sheets list, then reopen the sheet. | G6: The name shows on screen immediately, is sent with the create call, and the sheet is listed and stored as "QA rename check" — never "Untitled sheet". | I6: Not run
A7: SH-04 | B7: Naming a new sheet | C7: Renaming after the first save still works | D7: Medium | E7: A saved sheet. | F7: 1. Rename it. 2. Save. 3. Reload and check the list. | G7: The new name persists both in the sheet and in the list. | I7: Not run
A8: SH-05 | B8: File menu | C8: Save reports "Saving…", not "Saved." | D8: High | E8: A sheet with unsaved changes. Throttle the network (DevTools → Slow 3G) so the write takes visible time. | F8: 1. Open the File menu and press Save. 2. Read the menu wording at the moment of the click. 3. Watch the chip beside the sheet title until the write finishes. | G8: The menu says "Saving…" while the request is in flight — success is not claimed at click time. The chip beside the title reports the outcome, showing "Saved" only once the write has completed. | I8: Not run
A9: SH-06 | B9: File menu | C9: A failed save is reported as a failure | D9: High | E9: A sheet with unsaved changes. | F9: 1. Go offline (DevTools → Offline). 2. Press Save. 3. Read the chip beside the title. 4. Go back online and press Save again. | G9: The chip reports the failure rather than showing "Saved". Once back online, saving succeeds and the chip updates. | I9: Not run
A10: SH-07 | B10: Ribbon — Insert tab | C10: The Insert tab exists with the expected groups | D10: High | E10: A sheet open. | F10: 1. Open the ribbon's Insert tab. 2. Read the group labels left to right. | G10: Groups read: Cells · Tables · Sheet · Function · Link · Controls · Notes. | I10: Not run
A11: SH-08 | B11: Insert ▸ Cells | C11: Insert and delete cells with a shift | D11: High | E11: A sheet with data in a block of cells. | F11: 1. Select a 2×2 block. 2. Open Insert ▸ Cells and read the menu heading. 3. Choose "Insert cells and shift right", then undo. 4. Choose "Insert cells and shift down", then undo. 5. Choose "Delete cells and shift left", then undo. 6. Choose "Delete cells and shift up". | G11: The menu heading counts the selection ("Insert 4 cells"). Each of the four commands performs the real edit in the stated direction, and undo reverses each one. | I11: Not run
A12: SH-09 | B12: Insert ▸ Rows | C12: Insert above / below and delete rows | D12: High | E12: A sheet with several rows of data, including a formula that references them. | F12: 1. Select three rows. 2. Open Insert ▸ Rows and read the item labels. 3. Insert 3 rows above; undo. 4. Insert 3 rows below; undo. 5. Delete 3 rows. | G12: Labels count the selection ("Insert 3 rows above"). Rows are inserted in the right place, data shifts correctly, formulas still reference the right cells, and undo reverses each action. | I12: Not run
A13: SH-10 | B13: Insert ▸ Columns | C13: Insert left / right and delete columns | D13: High | E13: A sheet with several columns of data, including a formula that references them. | F13: 1. Select two columns. 2. Insert 2 columns left; undo. 3. Insert 2 columns right; undo. 4. Delete 2 columns. | G13: Labels count the selection. Columns are inserted and deleted correctly, and formulas re-point rather than breaking. | I13: Not run
A14: SH-11 | B14: Insert ▸ Sheet | C14: Add a sheet from the ribbon and by keyboard | D14: Medium | E14: A workbook with one sheet. | F14: 1. Insert ▸ Sheet. 2. Check the sheet tab bar. 3. Press Shift+F11. 4. Save and reload. | G14: Both routes add a new sheet, and both survive a save and reload. | I14: Not run
A15: SH-12 | B15: Insert ▸ Function | C15: A function inserted from the menu computes | D15: High | E15: A sheet with numbers in A1:A5. | F15: 1. Select A6. 2. Insert ▸ Function and choose SUM from the catalogue. 3. Complete the range and press Enter. 4. Change a value in A1:A5. | G15: The function is inserted, computes the correct total, and recalculates when an input changes. | I15: Not run
... A26: SH-23 | B26: Insert ▸ Tables | C26: A template never overwrites existing work | D26: High | E26: A sheet with data near the insert point. | F26: 1. Fill a block of cells with recognisable values. 2. Insert each template that is offered as available. 3. Check the original block afterwards. | G26: Every original value is intact after every insertion. | I26: Not run

Sheet Everywhere
A1: Everywhere — test cases
A2: Shell, top bar, logo, messages — every page · 12 cases · fill in Actual result, Status, Tested by and Date
A3: Test ID | B3: Area / feature | C3: Change under test | D3: Priority | E3: Pre-condition | F3: Test steps | G3: Expected result | H3: Actual result | I3: Status | J3: Tested by | K3: Date | L3: Notes / defect ref
A4: EV-01 | B4: Every workspace page | C4: The page heading is gone visually | D4: High | E4: Signed in with access to the workspace pages. | F4: 1. Visit each workspace page that uses the shared header — spot-check at least 10 of the 32, covering Tasks, Team, Score, Meetings, Messages, Settings, Attendance, Notifications, Projects and Reports. 2. Look above the tab row on each. | G4: No page repeats its own name in large type above the tabs. The nav rail and tab row carry the location. | I4: Not run
A5: EV-02 | B5: Every workspace page | C5: The heading is still announced to screen readers | D5: High | E5: Screen reader, or the DevTools accessibility tree. | F5: 1. On three different workspace pages, inspect the accessibility tree for the page heading. | G5: Each page still exposes its heading to assistive technology, even though it is not visible. | I5: Not run
A6: EV-03 | B6: Home page | C6: The home page keeps its "Overview" heading | D6: Medium | E6: Signed in. | F6: 1. Open /home. 2. Look for the Overview heading. | G6: "Overview" is still visible on the home page — the one place the heading is a statement rather than a label. | I6: Not run
A7: EV-04 | B7: Every workspace page | C7: The row under the title collapses when empty | D7: Medium | E7: Signed in. | F7: 1. On pages with nothing on the title row, measure the gap between the top bar and the tab row. 2. On a page that does have controls on that row, check they still render. | G7: No empty band remains on pages with nothing to put there. Pages that still have controls on that row are unaffected. | I7: Not run
A8: EV-05 | B8: Top bar | C8: Private / Team switch is offered to administrators | D8: High | E8: An account that passes the admin-console check — a system administrator. | F8: 1. Sign in as the administrator. 2. Look at the top bar. 3. Switch to Team and back to Private. | G8: The Private / Team switch is visible and both lenses work. It behaves as a radiogroup: exactly one is selected at a time. | I8: Not run
A9: EV-06 | B9: Top bar | C9: A manager who is not an administrator does not get the switch | D9: High | E9: An account that manages people but is NOT a system administrator. | F9: 1. Sign in as that manager. 2. Look at the top bar. 3. Check which lens the dashboard is using. | G9: The switch is not rendered and the dashboard is on the Private lens. No ranked comparison of named colleagues is reachable from the top bar. | I9: Not run
A10: EV-07 | B10: Top bar | C10: A saved Team link cannot be used to get back in | D10: High | E10: The non-administrator manager account, with a previously saved lens preference. | F10: 1. As that manager, open the dashboard with ?lens=team in the URL. 2. Set the stored lens to "team" in localStorage and reload. | G10: In both cases the user is put back on Private. The Team lens does not render from a saved link or a stored preference. | I10: Not run
A11: EV-08 | B11: Top bar | C11: A slow session does not demote a real administrator | D11: Medium | E11: Administrator account, with the network throttled so the session resolves slowly. | F11: 1. Throttle to Slow 3G and load the dashboard as the administrator. 2. Watch the lens while the session resolves. 3. Let it finish loading. | G11: The administrator is not clamped to Private while the session is loading or stalled — "not known yet" is not treated as "not an administrator". Once resolved, the switch appears and the chosen lens is kept. | I11: Not run
A12: EV-09 | B12: Logo | C12: The real artwork appears in all four places | D12: High | E12: The app installed or pinned so the taskbar icon is visible, and notifications enabled. | F12: 1. Check the in-app logo. 2. Check the browser tab favicon. 3. Check the taskbar / installed-app icon. 4. Trigger a notification and check its icon. | G12: All four show the real artwork with a transparent background. There is no white box behind it, and no AI-modified variant anywhere. | I12: Not run
A13: EV-10 | B13: Logo | C13: Every icon file is served, not redirected | D13: High | E13: DevTools Network tab. | F13: 1. Load the app with the Network tab open, filtered to images. 2. Check the response status and content type of every icon, favicon and manifest icon request. 3. Request each icon URL directly in a new tab. | G13: Each icon returns 200 with an image content type. None is redirected to the sign-in page. | I13: Not run
A14: EV-11 | B14: Messages | C14: One New message control, no heading, panes filled | D14: Medium | E14: Signed in with access to Messages. | F14: 1. Open Messages. 2. Count the controls that start a new message. 3. Look for a "Messages" heading. 4. Look at the space below the panes and the padding around them. 5. Press + and send a message. | G14: Only the "+" control exists, rendered white; the large "New message" button is gone. There is no "Messages" heading. The panes fill the window with matching padding and no empty space beneath. The + still starts and sends a message. | I14: Not run
A15: EV-12 | B15: Help button | C15: Moved to the top and resized | D15: Medium | E15: Signed in. | F15: 1. Locate the Help button. 2. Compare its vertical centre with the top bar's centre line. 3. Measure it against a screenshot from before the change. 4. Press it. | G15: It sits at the top, aligned to the top bar's centre line, and is about 30% smaller than before. It still opens help. | I15: Not run

Sheet Regression
A1: Regression — test cases
A2: Build, tests and cross-cutting sweeps · 10 cases · fill in Actual result, Status, Tested by and Date
A3: Test ID | B3: Area / feature | C3: Change under test | D3: Priority | E3: Pre-condition | F3: Test steps | G3: Expected result | H3: Actual result | I3: Status | J3: Tested by | K3: Date | L3: Notes / defect ref
A4: RG-01 | B4: Automated tests | C4: Unit and rule tests | D4: High | E4: Repository checked out at the build under test, with dependencies installed. | F4: 1. Run: npm test 2. Read the summary and every failure. | G4: All tests pass except the known deadline-wording failure recorded in Open items OI-01. Any other failure is a defect — log it. | I4: Not run
A5: RG-02 | B5: Type checking | C5: TypeScript compiles | D5: High | E5: As above. | F5: 1. Run: npx tsc --noEmit | G5: No type errors. | I5: Not run
A6: RG-03 | B6: Linting | C6: ESLint is clean | D6: Medium | E6: As above. | F6: 1. Run: npm run lint | G6: No errors. Warnings recorded but not blocking. | I6: Not run
A7: RG-04 | B7: Build | C7: Production build succeeds | D7: High | E7: As above. | F7: 1. Run: npm run build | G7: The build completes with no errors and no new build-time warnings about the changed routes. | I7: Not run
A8: RG-05 | B8: Secrets | C8: No secrets committed | D8: High | E8: As above. | F8: 1. Run: npm run check-secrets | G8: Clean. | I8: Not run
A9: RG-06 | B9: Help knowledge | C9: In-product help matches the shipped behaviour | D9: High | E9: As above. CLAUDE.md makes the help corpus part of the product, not documentation. | F9: 1. Run the help coverage test as part of npm test. 2. Search lib/help/knowledge.ts for the removed vocabulary: "Assigned out", "Self tasks", "Submitted", "Mine". 3. Open in-product help and read the task-scope article. | G9: The corpus describes only the scopes that now exist. BLOCKED on Open items OI-07 — the file is under a never-touch rule and is known to be out of date. | I9: Not run
A10: RG-07 | B10: Console hygiene | C10: No console errors on the changed pages | D10: Medium | E10: App running, DevTools console open. | F10: 1. Visit /home, /tasks, /workspace and /sheets in turn. 2. Exercise the main flow on each. 3. Read the console. | G10: No uncaught errors, no React key or hydration warnings, and no failed network requests. | I10: Not run
A11: RG-08 | B11: Theme sweep | C11: Light and dark both look right | D11: Medium | E11: App running. | F11: 1. In light mode, walk /home, /tasks, /workspace and /sheets. 2. Switch to dark mode and repeat. | G11: Every changed surface is legible in both themes, and the document editor stays white in both (see DOC-07). No unreadable text or invisible borders. | I11: Not run
A12: RG-09 | B12: Responsive sweep | C12: Widths from 1180px up | D12: High | E12: App running. | F12: 1. At 1180, 1280, 1440, 1680 and 1920px, load /home, /tasks, /workspace and /sheets. 2. Look for wrapping, clipping, overlapping controls and horizontal scrollbars. | G12: No layout breaks at any width from 1180px up. The active-work bar stays on one row at 58px. | I12: Not run
A13: RG-10 | B13: Build provenance | C13: The build under test includes the pending work | D13: High | E13: Access to the repository. | F13: 1. Run: git status 2. Confirm which changes in this checklist are committed and which exist only in the working tree. 3. Record the commit SHA, or "working tree", on the How to use tab. | G13: The tester knows exactly which build was tested. Around 11 files were uncommitted when the change log was written (Open items OI-08) — if the working tree is reset, those changes go with it. | I13: Not run

Sheet Open items
A1: Open items — decisions still outstanding
A2: Eight things waiting on a decision. Six of them block a row on the Tasks tab — settle these before signing that tab off.
A3: Ref | B3: Page | C3: What is open | D3: What it means | E3: Decision needed | F3: Decision taken | G3: Decided by / date | H3: How to verify once decided
A4: OI-01 | B4: Tasks | C4: One automated test is failing and was not touched | D4: The test checks that the task list says which date its Deadline column shows — the date REQUESTED, not when the work will actually finish. That wording lived only in the Sort menu, which has been removed. | E4: Decide where the wording goes. Suggested: the column header. Changing the test is the product owner's call. | H4: Once decided: re-run npm test, confirm the test passes, and verify the wording is visible on the Deadline column (TK-27).
A5: OI-02 | B5: Tasks — My team | C5: Two protected files were edited | D5: Excluding your own tasks from My team can only be done where the list is built. Filtering on screen instead would leave the My team badge and the board disagreeing with the list. | E5: Confirm the change is kept, or have it reverted. | H5: If kept: run TK-18, TK-23 and TK-24 and confirm list, badge, board and dashboard all agree.
A6: OI-03 | B6: Tasks — My team | C6: The change reaches beyond this page | D6: Anything reading the team list now excludes your own work: the tasks list, the board, the My team badge, and the Team lens on the dashboard. | E6: Confirm that is the intended behaviour everywhere, not only on the tasks list. | H6: If confirmed: run TK-23 and TK-24. If not: the repository change is reverted and TK-18 is re-specified.
A7: OI-04 | B7: Tasks | C7: The "Show" button on the priority-conflict warning is a dead end | D7: Its only action was to group the list by status. With that control gone, pressing it groups the list and there is no way back until you reload. | E7: Remove the button, or specify what it should do instead. | H7: Once decided: re-test TK-25 against the new behaviour.
A8: OI-05 | B8: Tasks | C8: Submitted work shows under Open, not Closed | D8: Submitted work is waiting on a decision and the product does not count it as finished — if it comes back as rework it was never closed. | E8: Leave it under Open, or move it into Closed. | H8: Once decided: re-test TK-26 and TK-11 against the chosen rule.
A9: OI-06 | B9: Tasks | C9: Three background reads now fetch nothing anyone uses | D9: They counted the scopes that were removed. The standing rule forbids removing that kind of code, so they still run on every page load. | E9: Permission to delete them. | H9: If granted: confirm in DevTools that /tasks no longer issues those three requests, and re-run TK-07 and RG-07.
A10: OI-07 | B10: Help content | C10: The in-product help is wrong about task scopes | D10: It describes five scopes in detail; two no longer exist. Anyone reading it will be told about a filter that is not there. CLAUDE.md treats the help corpus as product logic, so this is a shipped defect rather than documentation drift. | E10: Lift the never-touch rule on lib/help/knowledge.ts, or accept it being out of date. | H10: If lifted: update the affected articles, then run RG-06 — the corpus must describe only the scopes that exist.
A11: OI-08 | B11: Whole product | C11: Most of the later work is not committed | D11: Around 11 files are changed but unsaved to git. If the folder is lost or reset, that work goes with it. | E11: Commit when satisfied with it. | H11: Before testing: record the commit SHA, or note "working tree", on the How to use tab (RG-10). Re-run this checklist against the committed build.
